timestamp,alert_type,track_id,details,frame_number
2026-09-05 00:59:37,SUSPICIOUS_LOITERING,1,stationary > 15s,168
2026-09-05 00:59:53,SUSPICIOUS_LOITERING,1,stationary > 15s,289
2026-09-05 01:00:02,SUSPICIOUS_LOITERING,1,stationary > 15s,353
2026-09-05 01:00:07,SUSPICIOUS_LOITERING,1,stationary > 15s,392
2026-09-05 01:00:41,SUSPICIOUS_LOITERING,1,stationary > 15s,107
2026-09-05 01:00:41,SUSPICIOUS_LOITERING,2,stationary > 15s,109
2026-09-05 01:00:46,SUSPICIOUS_LOITERING,1,stationary > 15s,145
2026-09-05 01:00:53,SUSPICIOUS_LOITERING,1,stationary > 15s,190
2026-09-05 01:00:55,SUSPICIOUS_LOITERING,2,stationary > 15s,205
2026-09-05 01:01:00,SUSPICIOUS_LOITERING,1,stationary > 15s,240
2026-09-05 01:01:19,SUSPICIOUS_LOITERING,1,stationary > 15s,399
2026-09-05 01:01:32,SUSPICIOUS_LOITERING,1,stationary > 15s,517
2026-09-05 01:01:36,SUSPICIOUS_LOITERING,1,stationary > 15s,559
2026-09-05 01:02:59,SUSPICIOUS_LOITERING,8,stationary > 15s,1679
2026-09-05 01:02:59,SUSPICIOUS_LOITERING,9,stationary > 15s,1679
2026-09-05 01:03:05,SUSPICIOUS_LOITERING,8,stationary > 15s,1714
2026-09-05 01:03:06,SUSPICIOUS_LOITERING,9,stationary > 15s,1719
2026-09-05 01:03:10,SUSPICIOUS_LOITERING,8,stationary > 15s,1748
2026-09-05 01:03:13,SUSPICIOUS_LOITERING,9,stationary > 15s,1767
2026-09-05 01:03:20,SUSPICIOUS_LOITERING,8,stationary > 15s,1809
2026-09-05 01:03:21,SUSPICIOUS_LOITERING,9,stationary > 15s,1811
2026-09-05 01:03:26,SUSPICIOUS_LOITERING,9,stationary > 15s,1842
2026-09-05 01:03:27,SUSPICIOUS_LOITERING,8,stationary > 15s,1850
2026-09-05 01:03:34,SUSPICIOUS_LOITERING,8,stationary > 15s,1889
2026-09-05 01:03:39,SUSPICIOUS_LOITERING,8,stationary > 15s,1930
2026-09-05 01:04:38,SUSPICIOUS_LOITERING,10,stationary > 15s,2663
2026-09-05 01:04:40,VIRTUAL_FENCE_INTRUSION,11,car,2671
2026-09-05 01:04:46,SUSPICIOUS_LOITERING,10,stationary > 15s,2697
2026-09-05 01:04:52,SUSPICIOUS_LOITERING,12,stationary > 15s,2730
2026-09-05 01:04:52,VIRTUAL_FENCE_INTRUSION,14,car,2730
2026-09-05 01:05:18,SUSPICIOUS_LOITERING,12,stationary > 15s,2997
2026-09-05 01:05:32,SUSPICIOUS_LOITERING,12,stationary > 15s,3215
2026-09-05 01:05:54,SUSPICIOUS_LOITERING,12,stationary > 15s,3540
2026-09-05 01:06:07,SUSPICIOUS_LOITERING,12,stationary > 15s,3733
2026-09-05 01:06:11,SUSPICIOUS_LOITERING,12,stationary > 15s,3796
2026-09-05 01:06:15,SUSPICIOUS_LOITERING,12,stationary > 15s,3843
2026-09-05 01:06:22,SUSPICIOUS_LOITERING,12,stationary > 15s,3954
2026-09-05 01:06:25,SUSPICIOUS_LOITERING,12,stationary > 15s,4016
2026-09-05 01:06:38,SUSPICIOUS_LOITERING,12,stationary > 15s,4208
2026-09-05 01:06:49,SUSPICIOUS_LOITERING,12,stationary > 15s,4380
2026-09-05 01:07:00,SUSPICIOUS_LOITERING,12,stationary > 15s,4540
2026-09-05 01:07:19,SUSPICIOUS_LOITERING,12,stationary > 15s,4822
2026-09-05 01:07:41,SUSPICIOUS_LOITERING,12,stationary > 15s,4998
2026-09-05 01:07:51,SUSPICIOUS_LOITERING,12,stationary > 15s,5071
2026-09-05 01:07:56,SUSPICIOUS_LOITERING,12,stationary > 15s,5105
2026-09-05 01:08:05,SUSPICIOUS_LOITERING,12,stationary > 15s,5173
2026-09-05 01:08:09,SUSPICIOUS_LOITERING,12,stationary > 15s,5203
2026-09-05 01:08:27,SUSPICIOUS_LOITERING,12,stationary > 15s,5340
2026-09-05 01:08:34,SUSPICIOUS_LOITERING,12,stationary > 15s,5389
2026-09-05 01:08:38,SUSPICIOUS_LOITERING,12,stationary > 15s,5422
2026-09-05 01:09:25,SUSPICIOUS_LOITERING,12,stationary > 15s,5775
2026-09-05 01:09:40,SUSPICIOUS_LOITERING,12,stationary > 15s,5888
2026-09-05 01:10:10,SUSPICIOUS_LOITERING,12,stationary > 15s,6113
2026-09-05 01:10:24,SUSPICIOUS_LOITERING,12,stationary > 15s,6215
2026-09-05 01:10:28,SUSPICIOUS_LOITERING,12,stationary > 15s,6245
2026-09-05 01:10:42,SUSPICIOUS_LOITERING,12,stationary > 15s,6356
2026-09-05 01:11:51,SUSPICIOUS_LOITERING,12,stationary > 15s,6864
2026-09-05 01:11:57,SUSPICIOUS_LOITERING,12,stationary > 15s,6903
2026-09-05 01:12:02,SUSPICIOUS_LOITERING,12,stationary > 15s,6933
2026-09-05 01:12:07,SUSPICIOUS_LOITERING,12,stationary > 15s,6963
2026-09-05 01:12:11,SUSPICIOUS_LOITERING,12,stationary > 15s,6999
2026-09-05 01:12:17,SUSPICIOUS_LOITERING,12,stationary > 15s,7035
2026-09-05 01:12:23,SUSPICIOUS_LOITERING,12,stationary > 15s,7067
2026-09-05 01:12:31,SUSPICIOUS_LOITERING,12,stationary > 15s,7132
2026-09-05 01:12:37,SUSPICIOUS_LOITERING,12,stationary > 15s,7172
2026-09-05 01:12:42,SUSPICIOUS_LOITERING,12,stationary > 15s,7211
2026-09-05 01:12:49,SUSPICIOUS_LOITERING,12,stationary > 15s,7263
2026-09-05 01:12:53,SUSPICIOUS_LOITERING,12,stationary > 15s,7297
2026-09-05 01:13:09,SUSPICIOUS_LOITERING,12,stationary > 15s,7416
2026-09-05 01:13:14,SUSPICIOUS_LOITERING,12,stationary > 15s,7449
2026-09-05 01:13:19,SUSPICIOUS_LOITERING,12,stationary > 15s,7488
2026-09-05 01:13:29,SUSPICIOUS_LOITERING,12,stationary > 15s,7568
2026-09-05 01:13:34,SUSPICIOUS_LOITERING,12,stationary > 15s,7599
2026-09-05 01:13:55,SUSPICIOUS_LOITERING,12,stationary > 15s,7757
2026-09-05 01:14:10,SUSPICIOUS_LOITERING,12,stationary > 15s,7896
2026-09-05 01:14:26,SUSPICIOUS_LOITERING,12,stationary > 15s,8016
2026-09-05 01:14:30,SUSPICIOUS_LOITERING,12,stationary > 15s,8051
2026-09-05 01:14:37,SUSPICIOUS_LOITERING,12,stationary > 15s,8095
2026-09-05 01:14:42,SUSPICIOUS_LOITERING,12,stationary > 15s,8133
2026-09-05 01:14:52,SUSPICIOUS_LOITERING,12,stationary > 15s,8202
2026-09-05 01:15:30,SUSPICIOUS_LOITERING,12,stationary > 15s,8472
2026-09-05 01:15:44,SUSPICIOUS_LOITERING,12,stationary > 15s,8570
2026-09-05 01:15:48,SUSPICIOUS_LOITERING,12,stationary > 15s,8601
2026-09-05 01:15:58,SUSPICIOUS_LOITERING,12,stationary > 15s,8679
2026-09-05 01:16:06,SUSPICIOUS_LOITERING,12,stationary > 15s,8732
2026-09-05 01:16:10,SUSPICIOUS_LOITERING,12,stationary > 15s,8763
2026-09-05 01:16:15,SUSPICIOUS_LOITERING,12,stationary > 15s,8796
2026-09-05 01:16:19,SUSPICIOUS_LOITERING,12,stationary > 15s,8830
2026-09-05 01:16:25,SUSPICIOUS_LOITERING,12,stationary > 15s,8876
2026-09-05 01:16:30,SUSPICIOUS_LOITERING,12,stationary > 15s,8912
2026-09-05 01:16:34,SUSPICIOUS_LOITERING,12,stationary > 15s,8942
2026-09-05 01:16:38,SUSPICIOUS_LOITERING,12,stationary > 15s,8974
2026-09-05 01:16:43,SUSPICIOUS_LOITERING,12,stationary > 15s,9009
2026-09-05 01:16:49,SUSPICIOUS_LOITERING,12,stationary > 15s,9053
2026-09-05 01:16:53,SUSPICIOUS_LOITERING,12,stationary > 15s,9086
2026-09-05 01:17:00,SUSPICIOUS_LOITERING,12,stationary > 15s,9140
2026-09-05 01:17:09,SUSPICIOUS_LOITERING,12,stationary > 15s,9204
2026-09-05 01:17:15,SUSPICIOUS_LOITERING,12,stationary > 15s,9253
2026-09-05 01:17:22,SUSPICIOUS_LOITERING,12,stationary > 15s,9298
2026-09-05 01:17:36,SUSPICIOUS_LOITERING,12,stationary > 15s,9410
2026-09-05 01:17:55,SUSPICIOUS_LOITERING,12,stationary > 15s,9546
2026-09-05 01:18:09,SUSPICIOUS_LOITERING,12,stationary > 15s,9655
2026-09-05 01:19:06,SUSPICIOUS_LOITERING,39,stationary > 15s,10068
2026-09-05 01:21:04,SUSPICIOUS_LOITERING,1,stationary > 15s,91
2026-09-05 01:21:05,SUSPICIOUS_LOITERING,2,stationary > 15s,95
2026-09-05 01:21:11,SUSPICIOUS_LOITERING,2,stationary > 15s,132
2026-09-05 01:21:31,SUSPICIOUS_LOITERING,1,stationary > 15s,99
2026-09-05 01:21:31,SUSPICIOUS_LOITERING,2,stationary > 15s,99
2026-09-05 01:21:39,SUSPICIOUS_LOITERING,2,stationary > 15s,143
2026-09-05 01:21:43,SUSPICIOUS_LOITERING,2,stationary > 15s,174
2026-09-05 01:21:48,SUSPICIOUS_LOITERING,1,stationary > 15s,205
2026-09-05 01:21:48,SUSPICIOUS_LOITERING,2,stationary > 15s,207
2026-09-05 01:21:53,SUSPICIOUS_LOITERING,2,stationary > 15s,241
2026-09-05 01:22:00,SUSPICIOUS_LOITERING,2,stationary > 15s,293
2026-09-05 01:22:03,SUSPICIOUS_LOITERING,1,stationary > 15s,314
2026-09-05 01:22:06,SUSPICIOUS_LOITERING,2,stationary > 15s,334
2026-09-05 01:22:10,SUSPICIOUS_LOITERING,2,stationary > 15s,366
2026-09-05 01:22:21,SUSPICIOUS_LOITERING,2,stationary > 15s,427
2026-09-05 01:22:26,SUSPICIOUS_LOITERING,2,stationary > 15s,462
2026-09-05 01:22:35,SUSPICIOUS_LOITERING,2,stationary > 15s,526
2026-09-05 01:22:38,SUSPICIOUS_LOITERING,1,stationary > 15s,548
2026-09-05 01:22:44,NIGHT_MOVEMENT,8,person detected in low light (brightness=10),615
2026-09-05 01:22:46,NIGHT_MOVEMENT,8,person detected in low light (brightness=10),645
2026-09-05 01:22:48,NIGHT_MOVEMENT,8,person detected in low light (brightness=10),675
2026-09-05 01:22:50,NIGHT_MOVEMENT,8,person detected in low light (brightness=14),705
2026-09-05 01:22:51,NIGHT_MOVEMENT,8,person detected in low light (brightness=17),735
2026-09-05 01:22:53,NIGHT_MOVEMENT,8,person detected in low light (brightness=17),765
2026-09-05 01:22:55,NIGHT_MOVEMENT,8,person detected in low light (brightness=17),795
2026-09-05 01:22:57,NIGHT_MOVEMENT,8,person detected in low light (brightness=16),825
2026-09-05 01:22:58,NIGHT_MOVEMENT,11,person detected in low light (brightness=16),837
2026-09-05 01:22:59,SUSPICIOUS_LOITERING,8,stationary > 15s,851
2026-09-05 01:23:00,NIGHT_MOVEMENT,8,person detected in low light (brightness=13),855
2026-09-05 01:23:04,NIGHT_MOVEMENT,12,person detected in low light (brightness=10),928
2026-09-05 01:23:05,NIGHT_MOVEMENT,13,person detected in low light (brightness=9),940
2026-09-05 01:23:07,NIGHT_MOVEMENT,13,person detected in low light (brightness=11),970
2026-09-05 01:23:09,NIGHT_MOVEMENT,13,person detected in low light (brightness=11),1000
2026-09-05 01:23:11,NIGHT_MOVEMENT,13,person detected in low light (brightness=10),1030
2026-09-05 01:23:13,NIGHT_MOVEMENT,13,person detected in low light (brightness=10),1060
2026-09-05 01:23:14,NIGHT_MOVEMENT,13,person detected in low light (brightness=9),1090
2026-09-05 01:23:16,NIGHT_MOVEMENT,13,person detected in low light (brightness=8),1120
2026-09-05 01:23:18,NIGHT_MOVEMENT,13,person detected in low light (brightness=8),1150
2026-09-05 01:23:21,NIGHT_MOVEMENT,13,person detected in low light (brightness=9),1180
2026-09-05 01:23:21,SUSPICIOUS_LOITERING,13,stationary > 15s,1182
2026-09-05 01:23:25,NIGHT_MOVEMENT,13,person detected in low light (brightness=9),1210
2026-09-05 01:23:26,NIGHT_MOVEMENT,13,person detected in low light (brightness=9),1240
2026-09-05 01:23:28,NIGHT_MOVEMENT,13,person detected in low light (brightness=9),1270
2026-09-05 01:23:30,NIGHT_MOVEMENT,13,person detected in low light (brightness=10),1300
2026-09-05 01:23:32,NIGHT_MOVEMENT,13,person detected in low light (brightness=10),1330
2026-09-05 01:23:34,NIGHT_MOVEMENT,13,person detected in low light (brightness=13),1360
2026-09-05 01:23:35,SUSPICIOUS_LOITERING,13,stationary > 15s,1370
2026-09-05 01:23:36,NIGHT_MOVEMENT,13,person detected in low light (brightness=10),1390
2026-09-05 01:23:37,SUSPICIOUS_LOITERING,13,stationary > 15s,1404
2026-09-05 01:23:38,NIGHT_MOVEMENT,13,person detected in low light (brightness=9),1420
2026-09-05 01:23:39,NIGHT_MOVEMENT,13,person detected in low light (brightness=10),1450
2026-09-05 01:23:41,SUSPICIOUS_LOITERING,13,stationary > 15s,1472
2026-09-05 01:23:41,NIGHT_MOVEMENT,13,person detected in low light (brightness=10),1480
2026-09-05 01:23:44,NIGHT_MOVEMENT,13,person detected in low light (brightness=14),1510
2026-09-05 01:23:47,NIGHT_MOVEMENT,13,person detected in low light (brightness=10),1540
2026-09-05 01:23:48,SUSPICIOUS_LOITERING,13,stationary > 15s,1546
2026-09-05 01:23:51,NIGHT_MOVEMENT,13,person detected in low light (brightness=11),1571
2026-09-05 01:23:52,SUSPICIOUS_LOITERING,13,stationary > 15s,1577
2026-09-05 01:23:55,NIGHT_MOVEMENT,13,person detected in low light (brightness=9),1611
2026-09-05 01:23:59,NIGHT_MOVEMENT,14,person detected in low light (brightness=13),1676
2026-09-05 01:24:00,NIGHT_MOVEMENT,15,person detected in low light (brightness=14),1683
2026-09-05 01:24:02,NIGHT_MOVEMENT,14,person detected in low light (brightness=11),1706
2026-09-05 01:24:04,NIGHT_MOVEMENT,14,person detected in low light (brightness=11),1736
2026-09-05 01:24:06,NIGHT_MOVEMENT,14,person detected in low light (brightness=12),1766
2026-09-05 01:24:07,NIGHT_MOVEMENT,14,person detected in low light (brightness=12),1796
2026-09-05 01:24:09,NIGHT_MOVEMENT,14,person detected in low light (brightness=11),1826
2026-09-05 01:24:11,NIGHT_MOVEMENT,14,person detected in low light (brightness=11),1856
2026-09-05 01:24:13,NIGHT_MOVEMENT,14,person detected in low light (brightness=10),1886
2026-09-05 01:24:14,SUSPICIOUS_LOITERING,14,stationary > 15s,1904
2026-09-05 01:24:15,NIGHT_MOVEMENT,14,person detected in low light (brightness=9),1916
2026-09-05 01:24:16,NIGHT_MOVEMENT,14,person detected in low light (brightness=10),1946
2026-09-05 01:24:16,SUSPICIOUS_LOITERING,14,stationary > 15s,1947
2026-09-05 01:24:37,SUSPICIOUS_LOITERING,16,stationary > 15s,2142
2026-09-05 01:24:42,SUSPICIOUS_LOITERING,16,stationary > 15s,2173
2026-09-05 01:24:42,SUSPICIOUS_LOITERING,17,stationary > 15s,2174
2026-09-05 01:24:55,SUSPICIOUS_LOITERING,17,stationary > 15s,2254
2026-09-05 01:25:03,SUSPICIOUS_LOITERING,16,stationary > 15s,2303
2026-09-05 01:25:05,SUSPICIOUS_LOITERING,17,stationary > 15s,2321
2026-09-05 01:25:10,SUSPICIOUS_LOITERING,17,stationary > 15s,2355
2026-09-05 01:25:13,SUSPICIOUS_LOITERING,16,stationary > 15s,2369
2026-09-05 01:25:17,SUSPICIOUS_LOITERING,17,stationary > 15s,2394
2026-09-05 01:25:18,SUSPICIOUS_LOITERING,16,stationary > 15s,2399
2026-09-05 01:25:21,SUSPICIOUS_LOITERING,17,stationary > 15s,2424
2026-09-05 01:25:23,SUSPICIOUS_LOITERING,16,stationary > 15s,2438
2026-09-05 01:25:30,SUSPICIOUS_LOITERING,16,stationary > 15s,2476
2026-09-05 01:25:36,SUSPICIOUS_LOITERING,16,stationary > 15s,2514
2026-09-05 01:49:58,SUSPICIOUS_LOITERING,2,stationary > 15s,106
2026-09-05 01:50:01,SUSPICIOUS_LOITERING,7,stationary > 15s,127
2026-09-05 01:50:03,SUSPICIOUS_LOITERING,2,stationary > 15s,147
2026-09-05 01:50:07,SUSPICIOUS_LOITERING,11,stationary > 15s,175
2026-09-05 01:50:08,SUSPICIOUS_LOITERING,2,stationary > 15s,182
2026-09-05 01:50:13,SUSPICIOUS_LOITERING,11,stationary > 15s,219
2026-09-05 01:50:21,SUSPICIOUS_LOITERING,11,stationary > 15s,273
2026-09-05 01:50:23,SUSPICIOUS_LOITERING,14,stationary > 15s,287
2026-09-05 01:50:24,SUSPICIOUS_LOITERING,2,stationary > 15s,301
2026-09-05 01:50:30,SUSPICIOUS_LOITERING,2,stationary > 15s,335
2026-09-05 01:50:31,SUSPICIOUS_LOITERING,14,stationary > 15s,337
2026-09-05 01:50:35,SUSPICIOUS_LOITERING,11,stationary > 15s,369
2026-09-05 01:50:48,SUSPICIOUS_LOITERING,2,stationary > 15s,469
2026-09-05 01:50:57,SUSPICIOUS_LOITERING,2,stationary > 15s,525
2026-09-05 01:50:57,SUSPICIOUS_LOITERING,28,stationary > 15s,526
2026-09-05 01:51:00,SUSPICIOUS_LOITERING,29,stationary > 15s,545
2026-09-05 01:51:06,SUSPICIOUS_LOITERING,2,stationary > 15s,584
2026-09-05 01:51:08,SUSPICIOUS_LOITERING,28,stationary > 15s,601
2026-09-05 01:51:12,SUSPICIOUS_LOITERING,2,stationary > 15s,630
2026-09-05 01:51:17,SUSPICIOUS_LOITERING,2,stationary > 15s,686
2026-09-05 01:51:24,SUSPICIOUS_LOITERING,2,stationary > 15s,752
2026-09-05 01:51:31,SUSPICIOUS_LOITERING,2,stationary > 15s,827
2026-09-05 01:51:45,SUSPICIOUS_LOITERING,2,stationary > 15s,932
2026-09-05 01:51:51,SUSPICIOUS_LOITERING,35,stationary > 15s,975
2026-09-05 01:51:52,SUSPICIOUS_LOITERING,2,stationary > 15s,981
2026-09-05 01:52:00,SUSPICIOUS_LOITERING,35,stationary > 15s,1035
2026-09-05 01:52:06,SUSPICIOUS_LOITERING,35,stationary > 15s,1083
2026-09-05 01:52:07,SUSPICIOUS_LOITERING,2,stationary > 15s,1088
2026-09-05 01:52:20,SUSPICIOUS_LOITERING,35,stationary > 15s,1190
2026-09-05 01:52:22,SUSPICIOUS_LOITERING,2,stationary > 15s,1199
2026-09-05 01:52:28,SUSPICIOUS_LOITERING,35,stationary > 15s,1247
2026-09-05 01:52:31,SUSPICIOUS_LOITERING,2,stationary > 15s,1267
2026-09-05 01:52:33,SUSPICIOUS_LOITERING,35,stationary > 15s,1284
2026-09-05 01:52:58,SUSPICIOUS_LOITERING,2,stationary > 15s,1493
2026-09-05 01:54:30,SUSPICIOUS_LOITERING,1,stationary > 15s,125
2026-09-05 01:54:31,SUSPICIOUS_LOITERING,2,stationary > 15s,134
2026-09-05 01:54:41,SUSPICIOUS_LOITERING,2,stationary > 15s,203
2026-09-05 01:54:56,SUSPICIOUS_LOITERING,2,stationary > 15s,347
2026-09-05 01:55:02,SUSPICIOUS_LOITERING,2,stationary > 15s,413
2026-09-05 01:55:27,SUSPICIOUS_LOITERING,2,stationary > 15s,564
2026-09-05 01:55:28,SUSPICIOUS_LOITERING,18,stationary > 15s,565
